draw_date,draw_id,game,game_name,letter,numbers,raw_text,source,url
2025-08-31,1968,dhana_nidhanaya,Dhana Nidhanaya,N,01;17;51;76;01,"1968 Sunday August 31, 2025 N 01 17 51 76 Lakshapathi Double Chance No 1 4 5 5 3",nlb,https://www.nlb.lk/results/dhana-nidhanaya
2025-08-30,1967,dhana_nidhanaya,Dhana Nidhanaya,V,41;47;73;80;00,"1967 Saturday August 30, 2025 V 41 47 73 80 Lakshapathi Double Chance No 0 3 9 9 7",nlb,https://www.nlb.lk/results/dhana-nidhanaya
2025-08-29,1966,dhana_nidhanaya,Dhana Nidhanaya,L,21;31;49;57;09,"1966 Friday August 29, 2025 L 21 31 49 57 Lakshapathi Double Chance No 9 7 9 9 2",nlb,https://www.nlb.lk/results/dhana-nidhanaya
2025-08-28,1965,dhana_nidhanaya,Dhana Nidhanaya,G,09;17;53;72;02,"1965 Thursday August 28, 2025 G 09 17 53 72 Lakshapathi Double Chance No 2 8 2 3 8",nlb,https://www.nlb.lk/results/dhana-nidhanaya
2025-08-27,1964,dhana_nidhanaya,Dhana Nidhanaya,H,02;11;47;53;06,"1964 Wednesday August 27, 2025 H 02 11 47 53 Lakshapathi Double Chance No 6 2 4 3 5",nlb,https://www.nlb.lk/results/dhana-nidhanaya
2025-08-26,1963,dhana_nidhanaya,Dhana Nidhanaya,A,21;48;58;74;09,"1963 Tuesday August 26, 2025 A 21 48 58 74 Lakshapathi Double Chance No 9 2 4 2 8",nlb,https://www.nlb.lk/results/dhana-nidhanaya
2025-08-25,1962,dhana_nidhanaya,Dhana Nidhanaya,T,13;46;64;68;02,"1962 Monday August 25, 2025 T 13 46 64 68 Lakshapathi Double Chance No 2 6 8 6 8",nlb,https://www.nlb.lk/results/dhana-nidhanaya
2025-08-24,1961,dhana_nidhanaya,Dhana Nidhanaya,Y,53;57;61;68;03,"1961 Sunday August 24, 2025 Y 53 57 61 68 Lakshapathi Double Chance No 3 6 6 7 4",nlb,https://www.nlb.lk/results/dhana-nidhanaya
2025-08-23,1960,dhana_nidhanaya,Dhana Nidhanaya,J,20;22;32;34;04,"1960 Saturday August 23, 2025 J 20 22 32 34 Lakshapathi Double Chance No 4 4 9 5 8",nlb,https://www.nlb.lk/results/dhana-nidhanaya
2025-08-22,1959,dhana_nidhanaya,Dhana Nidhanaya,E,07;10;38;59;04,"1959 Friday August 22, 2025 E 7 10 38 59 Lakshapathi Double Chance No 4 8 7 6 8",nlb,https://www.nlb.lk/results/dhana-nidhanaya
2025-08-21,1958,dhana_nidhanaya,Dhana Nidhanaya,Z,10;65;69;71;00,"1958 Thursday August 21, 2025 Z 10 65 69 71 Lakshapathi Double Chance No 0 7 9 5 6",nlb,https://www.nlb.lk/results/dhana-nidhanaya
2025-08-20,1957,dhana_nidhanaya,Dhana Nidhanaya,L,06;52;65;72;03,"1957 Wednesday August 20, 2025 L 06 52 65 72 Lakshapathi Double Chance No 3 2 7 5 4",nlb,https://www.nlb.lk/results/dhana-nidhanaya
2025-08-19,1956,dhana_nidhanaya,Dhana Nidhanaya,R,15;42;48;50;03,"1956 Tuesday August 19, 2025 R 15 42 48 50 Lakshapathi Double Chance No 3 6 8 5 1",nlb,https://www.nlb.lk/results/dhana-nidhanaya
2025-08-18,1955,dhana_nidhanaya,Dhana Nidhanaya,W,09;60;65;74;07,"1955 Monday August 18, 2025 W 09 60 65 74 Lakshapathi Double Chance No 7 8 2 4 7",nlb,https://www.nlb.lk/results/dhana-nidhanaya
2025-08-17,1954,dhana_nidhanaya,Dhana Nidhanaya,T,08;18;38;71;00,"1954 Sunday August 17, 2025 T 08 18 38 71 Lakshapathi Double Chance No 0 2 9 6 2",nlb,https://www.nlb.lk/results/dhana-nidhanaya
2025-08-16,1953,dhana_nidhanaya,Dhana Nidhanaya,H,04;55;56;81;05,"1953 Saturday August 16, 2025 H 04 55 56 81 Lakshapathi Double Chance No 5 5 4 5 4",nlb,https://www.nlb.lk/results/dhana-nidhanaya
2025-08-15,1952,dhana_nidhanaya,Dhana Nidhanaya,B,11;21;47;50;02,"1952 Friday August 15, 2025 B 11 21 47 50 Lakshapathi Double Chance No 2 2 1 0 4",nlb,https://www.nlb.lk/results/dhana-nidhanaya
2025-08-14,1951,dhana_nidhanaya,Dhana Nidhanaya,P,20;25;63;73;02,"1951 Thursday August 14, 2025 P 20 25 63 73 Lakshapathi Double Chance No 2 7 4 0 4",nlb,https://www.nlb.lk/results/dhana-nidhanaya
2025-08-13,1950,dhana_nidhanaya,Dhana Nidhanaya,I,07;09;15;80;02,"1950 Wednesday August 13, 2025 I 07 09 15 80 Lakshapathi Double Chance No 2 9 1 7 5",nlb,https://www.nlb.lk/results/dhana-nidhanaya
2025-08-12,1949,dhana_nidhanaya,Dhana Nidhanaya,M,01;13;16;67;09,"1949 Tuesday August 12, 2025 M 01 13 16 67 Lakshapathi Double Chance No 9 9 6 0 1",nlb,https://www.nlb.lk/results/dhana-nidhanaya
2025-08-11,1948,dhana_nidhanaya,Dhana Nidhanaya,Y,12;35;55;63;02,"1948 Monday August 11, 2025 Y 12 35 55 63 Lakshapathi Double Chance No 2 1 5 9 7",nlb,https://www.nlb.lk/results/dhana-nidhanaya
2025-08-10,1947,dhana_nidhanaya,Dhana Nidhanaya,P,06;44;64;67;01,"1947 Sunday August 10, 2025 P 06 44 64 67 Lakshapathi Double Chance No 1 2 1 9 7",nlb,https://www.nlb.lk/results/dhana-nidhanaya
2025-08-09,1946,dhana_nidhanaya,Dhana Nidhanaya,B,20;37;65;82;09,"1946 Saturday August 09, 2025 B 20 37 65 82 Lakshapathi Double Chance No 9 3 1 8 1",nlb,https://www.nlb.lk/results/dhana-nidhanaya
2025-08-08,1945,dhana_nidhanaya,Dhana Nidhanaya,N,22;42;50;60;02,"1945 Friday August 08, 2025 N 22 42 50 60 Lakshapathi Double Chance No 2 7 2 9 5",nlb,https://www.nlb.lk/results/dhana-nidhanaya
2025-08-07,1944,dhana_nidhanaya,Dhana Nidhanaya,W,06;13;41;66;02,"1944 Thursday August 07, 2025 W 06 13 41 66 Lakshapathi Double Chance No 2 5 3 5 9",nlb,https://www.nlb.lk/results/dhana-nidhanaya
2025-08-06,1943,dhana_nidhanaya,Dhana Nidhanaya,N,11;19;50;56;05,"1943 Wednesday August 06, 2025 N 11 19 50 56 Lakshapathi Double Chance No 5 7 0 0 1",nlb,https://www.nlb.lk/results/dhana-nidhanaya
2025-08-05,1942,dhana_nidhanaya,Dhana Nidhanaya,N,02;34;41;61;01,"1942 Tuesday August 05, 2025 N 2 34 41 61 Lakshapathi Double Chance No 1 8 0 1 1",nlb,https://www.nlb.lk/results/dhana-nidhanaya
2025-08-04,1941,dhana_nidhanaya,Dhana Nidhanaya,X,37;75;76;81;08,"1941 Monday August 04, 2025 X 37 75 76 81 Lakshapathi Double Chance No 8 5 7 6 7",nlb,https://www.nlb.lk/results/dhana-nidhanaya
2025-08-03,1940,dhana_nidhanaya,Dhana Nidhanaya,X,42;56;59;65;03,"1940 Sunday August 03, 2025 X 42 56 59 65 Lakshapathi Double Chance No 3 2 8 0 7",nlb,https://www.nlb.lk/results/dhana-nidhanaya
2025-08-02,1939,dhana_nidhanaya,Dhana Nidhanaya,Z,03;33;39;66;07,"1939 Saturday August 02, 2025 Z 03 33 39 66 Lakshapathi Double Chance No 7 3 4 3 8",nlb,https://www.nlb.lk/results/dhana-nidhanaya
2025-08-01,1938,dhana_nidhanaya,Dhana Nidhanaya,P,29;30;33;72;04,"1938 Friday August 01, 2025 P 29 30 33 72 Lakshapathi Double Chance No 4 0 9 2 6",nlb,https://www.nlb.lk/results/dhana-nidhanaya
2025-07-31,1937,dhana_nidhanaya,Dhana Nidhanaya,O,26;29;42;68;07,"1937 Thursday July 31, 2025 O 26 29 42 68 Lakshapathi Double Chance No 7 6 1 4 4",nlb,https://www.nlb.lk/results/dhana-nidhanaya
2025-07-30,1936,dhana_nidhanaya,Dhana Nidhanaya,Y,08;17;34;72;05,"1936 Wednesday July 30, 2025 Y 08 17 34 72 Lakshapathi Double Chance No 5 8 7 6 5",nlb,https://www.nlb.lk/results/dhana-nidhanaya
2025-07-29,1935,dhana_nidhanaya,Dhana Nidhanaya,J,14;41;42;58;07,"1935 Tuesday July 29, 2025 J 14 41 42 58 Lakshapathi Double Chance No 7 2 8 1 3",nlb,https://www.nlb.lk/results/dhana-nidhanaya
2025-07-28,1934,dhana_nidhanaya,Dhana Nidhanaya,P,49;77;79;80;08,"1934 Monday July 28, 2025 P 49 77 79 80 Lakshapathi Double Chance No 8 5 5 1 4",nlb,https://www.nlb.lk/results/dhana-nidhanaya
2025-07-27,1933,dhana_nidhanaya,Dhana Nidhanaya,R,37;40;50;62;09,"1933 Sunday July 27, 2025 R 37 40 50 62 Lakshapathi Double Chance No 9 6 3 9 6",nlb,https://www.nlb.lk/results/dhana-nidhanaya
2025-07-26,1932,dhana_nidhanaya,Dhana Nidhanaya,C,04;10;20;76;03,"1932 Saturday July 26, 2025 C 04 10 20 76 Lakshapathi Double Chance No 3 0 3 4 9",nlb,https://www.nlb.lk/results/dhana-nidhanaya
2025-07-25,1931,dhana_nidhanaya,Dhana Nidhanaya,E,34;59;60;69;08,"1931 Friday July 25, 2025 E 34 59 60 69 Lakshapathi Double Chance No 8 3 8 0 4",nlb,https://www.nlb.lk/results/dhana-nidhanaya
2025-07-24,1930,dhana_nidhanaya,Dhana Nidhanaya,F,02;18;20;51;01,"1930 Thursday July 24, 2025 F 02 18 20 51 Lakshapathi Double Chance No 1 4 0 7 8",nlb,https://www.nlb.lk/results/dhana-nidhanaya
2025-07-23,1929,dhana_nidhanaya,Dhana Nidhanaya,O,08;27;35;68;08,"1929 Wednesday July 23, 2025 O 08 27 35 68 Lakshapathi Double Chance No 8 3 4 5 4",nlb,https://www.nlb.lk/results/dhana-nidhanaya
2025-07-22,1928,dhana_nidhanaya,Dhana Nidhanaya,L,06;41;46;68;05,"1928 Tuesday July 22, 2025 L 06 41 46 68 Lakshapathi Double Chance No 5 4 7 6 0",nlb,https://www.nlb.lk/results/dhana-nidhanaya
2025-07-21,1927,dhana_nidhanaya,Dhana Nidhanaya,S,15;17;26;35;03,"1927 Monday July 21, 2025 S 15 17 26 35 Lakshapathi Double Chance No 3 1 3 1 4",nlb,https://www.nlb.lk/results/dhana-nidhanaya
2025-07-20,1926,dhana_nidhanaya,Dhana Nidhanaya,E,12;19;21;56;06,"1926 Sunday July 20, 2025 E 12 19 21 56 Lakshapathi Double Chance No 6 0 1 9 8",nlb,https://www.nlb.lk/results/dhana-nidhanaya
2025-07-19,1925,dhana_nidhanaya,Dhana Nidhanaya,S,06;08;26;68;08,"1925 Saturday July 19, 2025 S 06 08 26 68 Lakshapathi Double Chance No 8 5 4 9 2",nlb,https://www.nlb.lk/results/dhana-nidhanaya
2025-07-18,1924,dhana_nidhanaya,Dhana Nidhanaya,E,06;15;16;68;05,"1924 Friday July 18, 2025 E 6 15 16 68 Lakshapathi Double Chance No 5 9 0 5 2",nlb,https://www.nlb.lk/results/dhana-nidhanaya
2025-07-17,1923,dhana_nidhanaya,Dhana Nidhanaya,X,35;43;54;57;07,"1923 Thursday July 17, 2025 X 35 43 54 57 Lakshapathi Double Chance No 7 8 5 2 3",nlb,https://www.nlb.lk/results/dhana-nidhanaya
2025-07-16,1922,dhana_nidhanaya,Dhana Nidhanaya,V,03;04;51;53;07,"1922 Wednesday July 16, 2025 V 03 04 51 53 Lakshapathi Double Chance No 7 7 9 4 4",nlb,https://www.nlb.lk/results/dhana-nidhanaya
2025-07-15,1921,dhana_nidhanaya,Dhana Nidhanaya,O,35;40;58;81;06,"1921 Tuesday July 15, 2025 O 35 40 58 81 Lakshapathi Double Chance No 6 2 4 3 5",nlb,https://www.nlb.lk/results/dhana-nidhanaya
2025-07-14,1920,dhana_nidhanaya,Dhana Nidhanaya,Z,36;39;71;76;05,"1920 Monday July 14, 2025 Z 36 39 71 76 Lakshapathi Double Chance No 5 7 4 9 2",nlb,https://www.nlb.lk/results/dhana-nidhanaya
2025-07-13,1919,dhana_nidhanaya,Dhana Nidhanaya,I,34;37;53;59;07,"1919 Sunday July 13, 2025 I 34 37 53 59 Lakshapathi Double Chance No 7 3 4 1 0",nlb,https://www.nlb.lk/results/dhana-nidhanaya
2025-07-12,1918,dhana_nidhanaya,Dhana Nidhanaya,Z,12;13;50;67;01,"1918 Saturday July 12, 2025 Z 12 13 50 67 Lakshapathi Double Chance No 1 8 5 0 3",nlb,https://www.nlb.lk/results/dhana-nidhanaya
2025-07-11,1917,dhana_nidhanaya,Dhana Nidhanaya,G,28;33;39;72;07,"1917 Friday July 11, 2025 G 28 33 39 72 Lakshapathi Double Chance No 7 7 2 9 4",nlb,https://www.nlb.lk/results/dhana-nidhanaya
2025-07-10,1916,dhana_nidhanaya,Dhana Nidhanaya,T,20;29;37;70;00,"1916 Thursday July 10, 2025 T 20 29 37 70 Lakshapathi Double Chance No 0 9 4 9 3",nlb,https://www.nlb.lk/results/dhana-nidhanaya
2025-07-09,1915,dhana_nidhanaya,Dhana Nidhanaya,V,14;40;45;73;01,"1915 Wednesday July 09, 2025 V 14 40 45 73 Lakshapathi Double Chance No 1 3 4 3 0",nlb,https://www.nlb.lk/results/dhana-nidhanaya
2025-07-08,1914,dhana_nidhanaya,Dhana Nidhanaya,J,16;24;31;38;08,"1914 Tuesday July 08, 2025 J 16 24 31 38 Lakshapathi Double Chance No 8 3 0 8 7",nlb,https://www.nlb.lk/results/dhana-nidhanaya
2025-07-07,1913,dhana_nidhanaya,Dhana Nidhanaya,V,03;34;50;70;02,"1913 Monday July 07, 2025 V 3 34 50 70 Lakshapathi Double Chance No 2 6 4 6 8",nlb,https://www.nlb.lk/results/dhana-nidhanaya
2025-07-06,1912,dhana_nidhanaya,Dhana Nidhanaya,D,09;42;47;53;09,"1912 Sunday July 06, 2025 D 09 42 47 53 Lakshapathi Double Chance No 9 3 6 3 0",nlb,https://www.nlb.lk/results/dhana-nidhanaya
2025-07-05,1911,dhana_nidhanaya,Dhana Nidhanaya,Q,46;48;64;75;08,"1911 Saturday July 05, 2025 Q 46 48 64 75 Lakshapathi Double Chance No 8 3 6 1 8",nlb,https://www.nlb.lk/results/dhana-nidhanaya
2025-07-04,1910,dhana_nidhanaya,Dhana Nidhanaya,R,12;19;57;59;01,"1910 Friday July 04, 2025 R 12 19 57 59 Lakshapathi Double Chance No 1 8 6 4 3",nlb,https://www.nlb.lk/results/dhana-nidhanaya
2025-07-03,1909,dhana_nidhanaya,Dhana Nidhanaya,L,26;65;67;82;03,"1909 Thursday July 03, 2025 L 26 65 67 82 Lakshapathi Double Chance No 3 0 8 8 2",nlb,https://www.nlb.lk/results/dhana-nidhanaya
2025-07-02,1908,dhana_nidhanaya,Dhana Nidhanaya,H,19;52;72;75;06,"1908 Wednesday July 02, 2025 H 19 52 72 75 Lakshapathi Double Chance No 6 8 7 7 7",nlb,https://www.nlb.lk/results/dhana-nidhanaya
2025-07-01,1907,dhana_nidhanaya,Dhana Nidhanaya,O,03;04;20;65;09,"1907 Tuesday July 01, 2025 O 03 04 20 65 Lakshapathi Double Chance No 9 1 4 1 9",nlb,https://www.nlb.lk/results/dhana-nidhanaya
2025-06-30,1906,dhana_nidhanaya,Dhana Nidhanaya,U,10;23;29;36;01,"1906 Monday June 30, 2025 U 10 23 29 36 Lakshapathi Double Chance No 1 5 5 6 2",nlb,https://www.nlb.lk/results/dhana-nidhanaya
2025-06-29,1905,dhana_nidhanaya,Dhana Nidhanaya,Q,33;43;55;80;07,"1905 Sunday June 29, 2025 Q 33 43 55 80 Lakshapathi Double Chance No 7 9 7 9 1",nlb,https://www.nlb.lk/results/dhana-nidhanaya
2025-06-28,1904,dhana_nidhanaya,Dhana Nidhanaya,F,16;36;49;77;08,"1904 Saturday June 28, 2025 F 16 36 49 77 Lakshapathi Double Chance No 8 3 0 4 4",nlb,https://www.nlb.lk/results/dhana-nidhanaya
2025-06-27,1903,dhana_nidhanaya,Dhana Nidhanaya,A,38;53;57;79;02,"1903 Friday June 27, 2025 A 38 53 57 79 Lakshapathi Double Chance No 2 1 9 7 8",nlb,https://www.nlb.lk/results/dhana-nidhanaya
2025-06-26,1902,dhana_nidhanaya,Dhana Nidhanaya,L,24;25;27;41;04,"1902 Thursday June 26, 2025 L 24 25 27 41 Lakshapathi Double Chance No 4 8 1 5 0",nlb,https://www.nlb.lk/results/dhana-nidhanaya
2025-06-25,1901,dhana_nidhanaya,Dhana Nidhanaya,U,14;25;69;77;05,"1901 Wednesday June 25, 2025 U 14 25 69 77 Lakshapathi Double Chance No 5 9 6 6 8",nlb,https://www.nlb.lk/results/dhana-nidhanaya
2025-06-24,1900,dhana_nidhanaya,Dhana Nidhanaya,G,19;28;45;72;05,"1900 Tuesday June 24, 2025 G 19 28 45 72 Lakshapathi Double Chance No 5 1 4 9 1",nlb,https://www.nlb.lk/results/dhana-nidhanaya
2025-06-23,1899,dhana_nidhanaya,Dhana Nidhanaya,F,09;33;34;53;04,"1899 Monday June 23, 2025 F 09 33 34 53 Lakshapathi Double Chance No 4 9 3 5 7",nlb,https://www.nlb.lk/results/dhana-nidhanaya
2025-06-22,1898,dhana_nidhanaya,Dhana Nidhanaya,L,55;66;80;81;02,"1898 Sunday June 22, 2025 L 55 66 80 81 Lakshapathi Double Chance No 2 4 8 0 7",nlb,https://www.nlb.lk/results/dhana-nidhanaya
2025-06-21,1897,dhana_nidhanaya,Dhana Nidhanaya,V,03;12;19;20;07,"1897 Saturday June 21, 2025 V 03 12 19 20 Lakshapathi Double Chance No 7 9 2 6 2",nlb,https://www.nlb.lk/results/dhana-nidhanaya
2025-06-20,1896,dhana_nidhanaya,Dhana Nidhanaya,O,19;39;43;53;07,"1896 Friday June 20, 2025 O 19 39 43 53 Lakshapathi Double Chance No 7 3 0 8 5",nlb,https://www.nlb.lk/results/dhana-nidhanaya
2025-06-19,1895,dhana_nidhanaya,Dhana Nidhanaya,F,13;35;44;77;06,"1895 Thursday June 19, 2025 F 13 35 44 77 Lakshapathi Double Chance No 6 6 8 3 4",nlb,https://www.nlb.lk/results/dhana-nidhanaya
2025-06-18,1894,dhana_nidhanaya,Dhana Nidhanaya,Y,40;51;73;78;02,"1894 Wednesday June 18, 2025 Y 40 51 73 78 Lakshapathi Double Chance No 2 6 4 2 9",nlb,https://www.nlb.lk/results/dhana-nidhanaya
2025-06-17,1893,dhana_nidhanaya,Dhana Nidhanaya,W,68;71;78;81;03,"1893 Tuesday June 17, 2025 W 68 71 78 81 Lakshapathi Double Chance No 3 0 6 1 9",nlb,https://www.nlb.lk/results/dhana-nidhanaya
2025-06-16,1892,dhana_nidhanaya,Dhana Nidhanaya,T,20;23;32;67;09,"1892 Monday June 16, 2025 T 20 23 32 67 Lakshapathi Double Chance No 9 0 8 2 7",nlb,https://www.nlb.lk/results/dhana-nidhanaya
2025-06-15,1891,dhana_nidhanaya,Dhana Nidhanaya,V,28;34;63;82;08,"1891 Sunday June 15, 2025 V 28 34 63 82 Lakshapathi Double Chance No 8 5 6 1 4",nlb,https://www.nlb.lk/results/dhana-nidhanaya
2025-06-14,1890,dhana_nidhanaya,Dhana Nidhanaya,M,43;52;57;82;03,"1890 Saturday June 14, 2025 M 43 52 57 82 Lakshapathi Double Chance No 3 4 1 9 8",nlb,https://www.nlb.lk/results/dhana-nidhanaya
2025-06-13,1889,dhana_nidhanaya,Dhana Nidhanaya,U,04;49;57;62;02,"1889 Friday June 13, 2025 U 04 49 57 62 Lakshapathi Double Chance No 2 9 2 5 6",nlb,https://www.nlb.lk/results/dhana-nidhanaya
2025-06-12,1888,dhana_nidhanaya,Dhana Nidhanaya,N,02;14;25;68;08,"1888 Thursday June 12, 2025 N 2 14 25 68 Lakshapathi Double Chance No 8 5 6 2 1",nlb,https://www.nlb.lk/results/dhana-nidhanaya
